{
    "ffn": {
        "mse": 0.00047,
        "mae": 0.00704,
        "rmse": 0.02177,
        "r2": 0.90277,
        "training_time": 502.89106
    },
    "lstm": {
        "mse": 0.00024,
        "mae": 0.00351,
        "rmse": 0.01561,
        "r2": 0.95,
        "training_time": 801.59717
    },
    "bilstm": {
        "mse": 0.0004,
        "mae": 0.00488,
        "rmse": 0.02012,
        "r2": 0.91693,
        "training_time": 970.40744
    },
    "gru": {
        "mse": 0.00031,
        "mae": 0.00438,
        "rmse": 0.01748,
        "r2": 0.93732,
        "training_time": 677.63637
    }
}