{
    "ffn": {
        "mse": 9e-05,
        "mae": 0.00236,
        "rmse": 0.00948,
        "r2": 0.98156,
        "training_time": 500.87864
    },
    "lstm": {
        "mse": 0.00023,
        "mae": 0.00059,
        "rmse": 0.00208,
        "r2": 0.99911,
        "training_time": 782.15387
    },
    "bilstm": {
        "mse": 0.00012,
        "mae": 0.00051,
        "rmse": 0.00214,
        "r2": 0.99906,
        "training_time": 956.19683
    },
    "gru": {
        "mse": 0.00028,
        "mae": 0.00021,
        "rmse": 0.00098,
        "r2": 0.9998,
        "training_time": 687.00166
    }
}